{"cameraMode":{"drawMode":2,"name":"Shaded Wireframe","section":"Shading Mode"},"sceneLighting":true,"audioPlay":false,"sceneViewState":{"m_AlwaysRefresh":false,"showFog":true,"showSkybox":true,"showFlares":true,"showImageEffects":true,"showParticleSystems":true,"showVisualEffectGraphs":true,"m_FxEnabled":true},"in2DMode":false,"pivot":{"x":-49.87062072753906,"y":-42.73923110961914,"z":13.790580749511719},"rotation":{"x":-0.0006304323324002326,"y":0.8529441952705383,"z":-0.5221355557441711,"w":-0.0010201343102380634},"size":197.51919555664063,"orthographic":false}